Model,MAE,RMSE,R2
LinearRegression,20.106849297792152,109.799301061785,-0.022745996246003042
RandomForest,19.8505688607253,109.96983273630258,-0.02592536125270084
SVR_RBF,19.78588433702174,110.10441682810387,-0.028438008920949942
RandomForest(GridSearch),19.79455176673736,109.94025337245539,-0.02537353467323067
SVR(GridSearch),19.669032038798886,110.11405549533544,-0.02861807809364203
